{
  "V": {
    "rp": [
      10237.62,
      94233.0,
      104767.8
    ],
    "ac": [
      185.89,
      2039.25,
      2359.21
    ],
    "txa": [
      -185.89,
      -2039.25,
      -2359.21
    ],
    "tv": [
      -2401.73,
      -21120.99,
      -13859.08
    ],
    "re": [
      854.05,
      5682.23,
      5968.93
    ],
    "te": [
      -868.12,
      -6992.16,
      -18009.63
    ],
    "ca": [
      -580.39,
      -2840.38,
      -2656.68
    ],
    "db": [
      110.11,
      738.07,
      298.89
    ],
    "lq": [
      7351.54,
      69699.77,
      76510.23
    ],
    "pd": [
      183,
      1556,
      1737
    ]
  },
  "CMV": {
    "2026-01": 70511.21,
    "2026-02": 46909.99,
    "2026-03": 75010.14
  },
  "CMV_NF": {
    "2026-01": 47354.29,
    "2026-02": 23640.0,
    "2026-03": 32541.92
  },
  "CMV_SN": {
    "2026-01": 23156.92,
    "2026-02": 23269.99,
    "2026-03": 35700.22
  },
  "DEB_ML": {
    "2026-01": -2065.92,
    "2026-02": -5135.299999999999,
    "2026-03": -7346.839999999999
  },
  "DEB_ML_DET": {
    "2026-01": {
      "recl": -1461.22,
      "retido": -440.51,
      "devolv": 0,
      "envio": -164.19
    },
    "2026-02": {
      "recl": -2655.18,
      "retido": -2311.2,
      "devolv": 0,
      "envio": -168.92
    },
    "2026-03": {
      "recl": -1902.22,
      "retido": -153.43,
      "devolv": -4918.41,
      "envio": -372.78
    }
  },
  "ENC": {
    "2026-01": 0,
    "2026-02": 2982.17,
    "2026-03": 7588.68
  },
  "EMP": {
    "2026-01": 0,
    "2026-02": 17602.42,
    "2026-03": 11202.05
  },
  "EMP_ENTRADA": {
    "2026-01": 13940.0,
    "2026-02": 0,
    "2026-03": 45569.0
  },
  "EMP_TOTAL": {
    "2026-01": 17602.42,
    "2026-02": 17602.42,
    "2026-03": 69115.32
  },
  "APORTES": {
    "2026-01": 83647.33,
    "2026-02": 60,
    "2026-03": 400.0
  },
  "DEV_APORTE": {
    "2026-01": 14200.0,
    "2026-02": 8872.79,
    "2026-03": 0
  },
  "DESP": {
    "2026-01": {
      "contab": 0,
      "pub": 229.96,
      "imp": 0,
      "tml": 0,
      "prolabore_lucas": 0,
      "prolabore_fellipe": 0,
      "galpao": 0,
      "frete": 0
    },
    "2026-02": {
      "contab": 370,
      "pub": 7.99,
      "imp": 4105.79,
      "tml": 0,
      "prolabore_lucas": 0,
      "prolabore_fellipe": 0,
      "galpao": 0,
      "frete": 0
    },
    "2026-03": {
      "contab": 0,
      "pub": 57.89,
      "imp": 4434.05,
      "tml": 40.05,
      "prolabore_lucas": 0,
      "prolabore_fellipe": 8000,
      "galpao": 567.1,
      "frete": 795.0
    }
  },
  "E": {
    "2026-01": {
      "lib": 7676.49,
      "dr": 567.6,
      "em": 179.2,
      "rb": 1020.47,
      "ee": 13940.0,
      "pc": 83.14,
      "demp": 0,
      "drc": -1461.22,
      "drt": -440.51,
      "ddv": 0,
      "denv": -164.19,
      "dec": -16.82,
      "dft": 0,
      "ddf": 0,
      "pub": -229.96,
      "imp": 0,
      "ban": 0,
      "tml": 0
    },
    "2026-02": {
      "lib": 40803.4,
      "dr": 1695.94,
      "em": 419.18,
      "rb": 960.3,
      "ee": 0,
      "pc": 0,
      "demp": -17602.42,
      "drc": -2655.18,
      "drt": -2311.2,
      "ddv": 0,
      "denv": -168.92,
      "dec": 0,
      "dft": -2982.17,
      "ddf": -25.82,
      "pub": -7.99,
      "imp": -4105.79,
      "ban": 0,
      "tml": 0
    },
    "2026-03": {
      "lib": 51474.57,
      "dr": 1928.53,
      "em": 314.31,
      "rb": 62933.72,
      "ee": 45569.0,
      "pc": 598.82,
      "demp": 0,
      "drc": -1902.22,
      "drt": -1811.11,
      "ddv": -3107.3,
      "denv": -372.78,
      "dec": -153.43,
      "dft": -7588.68,
      "ddf": 0,
      "pub": -57.89,
      "imp": -4434.05,
      "ban": 0,
      "tml": -41.55
    }
  }
}